Source Url,Id,Link,Image,Title
https://www.meetup.com/,10,www.meetup.com/find/outdoors-adventure/,https://secure.meetupstatic.com/photos/event/2/e/a/7/600_450131943.jpeg,Outdoors & Adventure
https://www.meetup.com/,11,www.meetup.com/find/tech/,https://secure.meetupstatic.com/photos/event/2/e/a/d/600_450131949.jpeg,Tech
https://www.meetup.com/,12,www.meetup.com/find/parents-family/,https://secure.meetupstatic.com/photos/event/2/e/9/c/600_450131932.jpeg,Family
https://www.meetup.com/,13,www.meetup.com/find/health-wellness/,https://secure.meetupstatic.com/photos/event/2/e/a/e/600_450131950.jpeg,Health & Wellness
https://www.meetup.com/,14,www.meetup.com/find/sports-fitness/,https://secure.meetupstatic.com/photos/event/2/e/a/c/600_450131948.jpeg,Sports & Fitness
https://www.meetup.com/,15,www.meetup.com/find/education/,https://secure.meetupstatic.com/photos/event/2/e/9/b/600_450131931.jpeg,Learning
https://www.meetup.com/,16,www.meetup.com/find/photography/,https://secure.meetupstatic.com/photos/event/2/e/a/a/600_450131946.jpeg,Photography
https://www.meetup.com/,17,www.meetup.com/find/food/,https://secure.meetupstatic.com/photos/event/2/e/a/1/600_450131937.jpeg,Food & Drink
https://www.meetup.com/,18,www.meetup.com/find/writing/,https://secure.meetupstatic.com/photos/event/2/e/a/f/600_450131951.jpeg,Writing
https://www.meetup.com/,19,www.meetup.com/find/language/,https://secure.meetupstatic.com/photos/event/2/e/a/3/600_450131939.jpeg,Language & Culture
https://www.meetup.com/,20,www.meetup.com/find/music/,https://secure.meetupstatic.com/photos/event/2/e/a/6/600_450131942.jpeg,Music
https://www.meetup.com/,21,www.meetup.com/find/movements/,https://secure.meetupstatic.com/photos/event/2/e/a/5/600_450131941.jpeg,Movements
https://www.meetup.com/,22,www.meetup.com/find/lgbtq/,https://secure.meetupstatic.com/photos/event/2/e/a/4/600_450131940.jpeg,LGBTQ
https://www.meetup.com/,23,www.meetup.com/find/film/,https://secure.meetupstatic.com/photos/event/4/8/3/f/600_450858495.jpeg,Film
https://www.meetup.com/,24,www.meetup.com/find/games-sci-fi/,https://secure.meetupstatic.com/photos/event/2/e/a/2/600_450131938.jpeg,Sci-Fi & Games
https://www.meetup.com/,25,www.meetup.com/find/beliefs/,https://secure.meetupstatic.com/photos/event/2/e/9/5/600_450131925.jpeg,Beliefs
https://www.meetup.com/,26,www.meetup.com/find/arts-culture/,https://secure.meetupstatic.com/photos/event/2/e/8/8/600_450131912.jpeg,Arts
https://www.meetup.com/,27,www.meetup.com/find/book-clubs/,https://secure.meetupstatic.com/photos/event/2/e/9/6/600_450131926.jpeg,Book Clubs
https://www.meetup.com/,28,www.meetup.com/find/dancing/,https://secure.meetupstatic.com/photos/event/2/e/9/a/600_450131930.jpeg,Dance
https://www.meetup.com/,29,www.meetup.com/find/pets/,https://secure.meetupstatic.com/photos/event/2/e/a/9/600_450131945.jpeg,Pets
https://www.meetup.com/,30,www.meetup.com/find/hobbies-crafts/,https://secure.meetupstatic.com/photos/event/2/e/9/9/600_450131929.jpeg,Hobbies & Crafts
https://www.meetup.com/,31,www.meetup.com/find/fashion-beauty/,https://secure.meetupstatic.com/photos/event/2/e/9/e/600_450131934.jpeg,Fashion & Beauty
https://www.meetup.com/,32,www.meetup.com/find/social/,https://secure.meetupstatic.com/photos/event/2/e/a/b/600_450131947.jpeg,Social
https://www.meetup.com/,33,www.meetup.com/find/career-business/,https://secure.meetupstatic.com/photos/event/2/e/9/7/600_450131927.jpeg,Career & Business
